[
    {
      "year": "1993",
      "make": "Mazda",
      "model": "Rx-7",
      "price": 30000,
      "image": "mazda.jpg",
      "sold": false
    },
    {
      "year": "2001",
      "make": "Ferrari",
      "model": "Modena",
      "price": 120000,
      "image": "ferrari.jpg",
      "sold": false
    },
    {
      "year": "2015",
      "make": "Bugatti",
      "model": "Veyron",
      "price": 1700000,
      "image": "bugatti.jpg",
      "sold": true
    },
    {
      "year": "2019",
      "make": "Bentley",
      "model": "Mulsanne",
      "price": 305000,
      "image": "mulsanne.jpg",
      "sold": false
    }
  ]